FID,OBJECTID,RCC1,County2,Branch3,Name_IMS11,FDB_Last18,Ownershi23,Street40,Type_Acc42,Manned50,VHF_Radi55,Earthing56,Remote_T57,Programm58,Ripple_C59,Source,x,y,last_update_date,date_is_placeholder,base_name,missing_pct_station,station_name,max_voltage_kv,n_voltage_levels,non_missing_attrs,completeness_score,completeness_category
0,1,JUJA-NAIROBI SOUTH,NAIROBI SOUTH,KOMAROCK - KAYOLE - UMOJA,DANDORA ( 220 / 132 KV),25/03/2014 13:39:36,KPLC,KOMOROCK  RD.,MURRAM,NO,,YES,YES,YES,YES,KPLC FDB,268017.83420693036,9860476.140697552,2014-03-25 13:39:36,False,DANDORA,7.142857142857142,DANDORA,220.0,2,13,92.85714285714286,Highly complete
1,2,KIGANJO MT KENYA,EMBU,KAMBURU,"KAMBURU 132 KV SUBSTATION ( 11,132 / 33,132 KV)",04/07/2014 10:19:05,KPLC & KENGEN,KANGONDE - EMBU ROAD,TARMAC,YES,YES,YES,YES,YES,NO,KPLC FDB,353715.47901224345,9910923.754497211,2014-07-04 10:19:05,False,KAMBURU,0.0,KAMBURU 132 KV SUBSTATION,132.0,4,14,100.0,Highly complete
2,3,JUJA-NAIROBI SOUTH,MACHAKOS,KIVAA,KINDARUMA SUB STATION ( 11 / 132 KV),25/03/2014 13:41:23,KPLC & KENGEN,KINDARUMA ROAD,TARMAC,YES,YES,YES,YES,NO,NO,KPLC FDB,367936.2608058499,9910405.772480099,2014-03-25 13:41:23,False,KINDARUMA,0.0,KINDARUMA SUB STATION,132.0,2,14,100.0,Highly complete
3,4,JUJA-NAIROBI SOUTH,NAIROBI SOUTH,INDUSTRIAL AREA - EMBAKASI,EMBAKASI  ( 220 / 66 KV),25/02/2016 08:33:42,KPLC,OFF MOMBASA  RD.,TARMAC,YES,YES,YES,NO,NO,YES,KPLC FDB,263416.2408852931,9851775.344313592,2016-02-25 08:33:42,False,EMBAKASI,0.0,EMBAKASI,220.0,2,14,100.0,Highly complete
4,5,JUJA-NAIROBI NORTH,NAIROBI NORTH,DANDORA - KARIOBANGI - GITHURAI,"JUJA  SUBSTATION ( 132 / 132,66 KV)",17/06/2014 18:46:22,KPLC,JUJA  RD.,TARMAC,YES,NO,YES,YES,YES,YES,KPLC FDB,266944.3836185979,9861228.596418008,2014-06-17 18:46:22,False,JUJA,0.0,JUJA  SUBSTATION,132.0,3,14,100.0,Highly complete
5,6,JUJA-NAIROBI NORTH,NAIROBI NORTH,ROYSAMBU,"RUARAKA SUBSTATION ( 132,66 / 11,66 KV)",17/05/2016 13:54:42,KPLC,THIKA RD.,MURRAM,YES,,YES,YES,YES,YES,KPLC FDB,265687.28285960294,9865451.52139848,2016-05-17 13:54:42,False,RUARAKA,7.142857142857142,RUARAKA SUBSTATION,132.0,4,13,92.85714285714286,Highly complete
6,7,KIGANJO MT KENYA,MURANG'A,MURANG'A,TANA SUBSTATION ( 11 / 66 KV),09/04/2014 10:20:58,KENGEN,NYER RD.I,TARMAC,YES,NO,YES,NO,YES,NO,KPLC FDB,306967.2051509833,9913085.49426133,2014-04-09 10:20:58,False,TANA,0.0,TANA SUBSTATION,66.0,2,14,100.0,Highly complete
7,8,JUJA-NAIROBI WEST,KAJIADO,LOITOKTOK,SULTAN HAMUD ( 132 / 33 KV),14/04/2014 08:51:00,KPLC,OFF MOMBASA RD.,TARMAC,NO,NO,YES,NO,NO,NO,KPLC FDB,325393.35897838604,9771718.061942188,2014-04-14 08:51:00,False,SULTAN HAMUD,0.0,SULTAN HAMUD,132.0,2,14,100.0,Highly complete
8,9,RABAI,TAITA TAVETA,VOI,MTITO ANDEI 132/3.3/11KV T/STN ( 132 / 3.3 KV),19/03/2014 13:03:51,KPLC & KPC,OFF MOMBASA RD.,TARMAC,NO,NO,YES,YES,NO,NO,KPLC FDB,406430.3621851625,9702704.972029105,2014-03-19 13:03:51,False,MTITO ANDEI 132 3 3,0.0,MTITO ANDEI 132/3.3/11KV T/STN,132.0,2,14,100.0,Highly complete
9,10,LANET,NAKURU,NAKURU ENVIRONS,"LANET SUBSTATION ( 132 / 11,33 KV)",13/02/2014 12:13:17,KPLC,NAIROBI NAKURU,MURRAM,YES,YES,YES,YES,YES,YES,KPLC FDB,181511.56131254416,9966426.91071579,2014-02-13 12:13:17,False,LANET,0.0,LANET SUBSTATION,132.0,3,14,100.0,Highly complete
10,11,LANET,NAKURU,NAIVASHA,NAIVASHA SUBSTATION ( 132 / 33 KV),23/10/2014 17:27:26,KPLC,MAI MAHUI NAIVASHA,MURRAM,YES,NO,YES,YES,YES,NO,KPLC FDB,217488.2060491722,9911699.498854535,2014-10-23 17:27:26,False,NAIVASHA,0.0,NAIVASHA SUBSTATION,132.0,2,14,100.0,Highly complete
11,12,JUJA-NAIROBI SOUTH,MAKUENI,KIBWEZI,KIBOKO SUBSTATION ( 132 / 33 KV),15/04/2014 15:27:58,KPLC,OFF MOMBASA  RD.,MURRAM,YES,YES,YES,NO,NO,NO,KPLC FDB,358229.7407334177,9753619.650303004,2014-04-15 15:27:58,False,KIBOKO,0.0,KIBOKO SUBSTATION,132.0,2,14,100.0,Highly complete
12,13,RABAI,MOMBASA,MBARAKI,KIPEVU  HILLTOP 132/33/11KV T/STN ( 132 / 33 KV),19/03/2014 13:00:28,KPLC,OFF KIPEVU COURSE WAY,TARMAC,NO,YES,YES,YES,YES,NO,KPLC FDB,570652.9333955403,9553418.921513936,2014-03-19 13:00:28,False,KIPEVU HILLTOP 132 33,0.0,KIPEVU  HILLTOP 132/33/11KV T/STN,132.0,2,14,100.0,Highly complete
13,14,RABAI,KILIFI,KILIFI,"RABAI 400/200/132/33KV T/STN ( 220 / 33,132 KV)",19/03/2014 13:26:54,KPLC,RABAI,MURRAM,YES,YES,YES,YES,YES,NO,KPLC FDB,562084.4355992321,9565268.688590363,2014-03-19 13:26:54,False,RABAI 400 200 132,0.0,RABAI 400/200/132/33KV T/STN,220.0,3,14,100.0,Highly complete
14,15,RABAI,KILIFI,KILIFI,"KILIFI 132/33/11KV TRANS/STN ( 33,132 / 11,33 KV)",19/03/2014 13:11:31,KPLC,KILIFI- MALINDI  ROAD,MURRAM,NO,YES,YES,YES,YES,NO,KPLC FDB,594002.4136079242,9599518.39571575,2014-03-19 13:11:31,False,KILIFI 132 33,0.0,KILIFI 132/33/11KV TRANS/STN,132.0,4,14,100.0,Highly complete
15,16,RABAI,MOMBASA,MBARAKI,NEW BAMBURI 132/33KV T/ STN ( 132 / 132 KV),19/03/2014 13:05:48,KPLC,HUSSEIN DAIRY ROAD,MURRAM,NO,YES,YES,YES,YES,YES,KPLC FDB,576641.6264125193,9559605.317993443,2014-03-19 13:05:48,False,NEW BAMBURI 132 T,0.0,NEW BAMBURI 132/33KV T/ STN,132.0,2,14,100.0,Highly complete
16,17,RABAI,TAITA TAVETA,VOI,MAUNGU,01/01/2000 00:00:00,KPLC & KPC,VOI - MOMBASA  RD.,MURRAM,NO,NO,YES,NO,NO,NO,KPLC FDB,474682.8665241217,9605388.852818629,,True,MAUNGU,0.0,MAUNGU,,0,14,100.0,Highly complete
17,18,RABAI,KILIFI,KILIFI,KOKOTONI 132KV METERING STN ( 132 / 132 KV),19/03/2014 13:24:51,KPLC,MARIAKANI - MOMBASA ROAD,TARMAC,NO,NO,YES,YES,YES,NO,KPLC FDB,558908.6150960317,9565993.755253294,2014-03-19 13:24:51,False,KOKOTONI,0.0,KOKOTONI 132KV METERING STN,132.0,2,14,100.0,Highly complete
18,19,RABAI,KILIFI,KILIFI,MARIAKANI 132KV METERING STN ( 132 / 132 KV),19/03/2014 13:25:59,KPLC,OFF MOMBASA NAIROBI,MURRAM,NO,NO,YES,NO,NO,NO,KPLC FDB,552940.3744780794,9572091.480315907,2014-03-19 13:25:59,False,MARIAKANI,0.0,MARIAKANI 132KV METERING STN,132.0,2,14,100.0,Highly complete
19,20,KIGANJO MT KENYA,EMBU,KAMBURU,KIAMBERE SUBSTATION ( 11 / 220 KV),17/11/2014 08:05:58,KPLC,KIAMBREE-KONGO RD,TARMAC,YES,NO,YES,YES,YES,YES,KPLC FDB,376325.41728528216,9933699.382937398,2014-11-17 08:05:58,False,KIAMBERE,0.0,KIAMBERE SUBSTATION,220.0,2,14,100.0,Highly complete
20,21,LESSOS-NORTH RIFT,NANDI,KAPSABET,"LESSOS 132KV  ( 132 / 33,132 KV)",13/06/2014 11:02:27,KPLC,LESSOS,TARMAC,YES,,YES,YES,,NO,KPLC FDB,87443.46039362997,10024154.070524387,2014-06-13 11:02:27,False,LESSOS,14.285714285714285,LESSOS 132KV,132.0,3,12,85.71428571428571,Moderately complete
21,22,LANET,KERICHO,KERICHO,CHEMOSIT ( 132 / 33 KV),18/09/2013 15:59:45,KPLC,KERICHO-KISII ROAD,TARMAC,YES,,YES,YES,NO,YES,KPLC FDB,72963.6386103537,9945830.44892692,2013-09-18 15:59:45,False,CHEMOSIT,7.142857142857142,CHEMOSIT,132.0,2,13,92.85714285714286,Highly complete
22,23,JUJA-NAIROBI SOUTH,MACHAKOS,KIVAA,MASINGA 132KV ( 132 / 11 KV),01/07/2014 10:27:13,KENGEN,,TARMAC,YES,YES,YES,YES,NO,YES,KPLC FDB,342959.4902031012,9902848.481909264,2014-07-01 10:27:13,False,MASINGA,7.142857142857142,MASINGA 132KV,132.0,2,13,92.85714285714286,Highly complete
23,24,KIGANJO MT KENYA,NYERI,NYERI ENVIRONS,KIGANJO SUBSTATION ( 132 / 33 KV),23/07/2014 15:10:23,KPLC,KIGANJO - NANYUKI ROAD,MURRAM,YES,YES,YES,YES,NO,NO,KPLC FDB,280595.53122696467,9952305.440384375,2014-07-23 15:10:23,False,KIGANJO,0.0,KIGANJO SUBSTATION,132.0,2,14,100.0,Highly complete
24,25,KIGANJO MT KENYA,EMBU,KAMBURU,"GITARU STATION ( 15 / 132,220 KV)",01/01/2000 00:00:00,KPLC,,TARMAC,YES,YES,YES,YES,YES,YES,KPLC FDB,361136.689896144,9912155.526227642,,True,GITARU,7.142857142857142,GITARU STATION,220.0,3,13,92.85714285714286,Highly complete
25,26,KIGANJO MT KENYA,LAIKIPIA,NANYUKI,NANYUKI SUBSTATION ( 132 / 33 KV),23/07/2014 10:01:36,KPLC,KIGANJO - NANYUKI ROAD,MURRAM,NO,NO,YES,YES,YES,YES,KPLC FDB,285030.96271834243,9999778.56868274,2014-07-23 10:01:36,False,NANYUKI,0.0,NANYUKI SUBSTATION,132.0,2,14,100.0,Highly complete
26,27,LESSOS-WEST KENYA,KISUMU,KISUMU ENVIRONS,KISUMU ( 132 / 33 KV),25/03/2014 13:29:10,KPLC,MIWANI ROAD,TARMAC,YES,NO,YES,YES,NO,YES,KPLC FDB,30253.699234941974,9993508.021813063,2014-03-25 13:29:10,False,KISUMU,0.0,KISUMU,132.0,2,14,100.0,Highly complete
27,28,LESSOS-WEST KENYA,BUNGOMA,WEBUYE,WEBUYE 132KV ( 132 / 132 KV),08/10/2013 10:05:22,KPLC,ELDORET MALAVA,TARMAC,NO,,YES,YES,NO,NO,KPLC FDB,30549.690260779113,10065234.749729985,2013-10-08 10:05:22,False,WEBUYE,7.142857142857142,WEBUYE 132KV,132.0,2,13,92.85714285714286,Highly complete
28,29,LANET,KERICHO,KERICHO,MUHORONI 132KV ( 132 / 132 KV),25/03/2014 13:30:18,KPLC,KISUMU-KERICHO,MURRAM,YES,,YES,YES,NO,NO,KPLC FDB,71392.64347923361,9976593.014437096,2014-03-25 13:30:18,False,MUHORONI,7.142857142857142,MUHORONI 132KV,132.0,2,13,92.85714285714286,Highly complete
29,30,LESSOS-WEST KENYA,KAKAMEGA,KAKAMEGA,"MUSAGA ( 132 / 33,132 KV)",06/11/2014 14:29:54,KPLC,MUSAGA,MURRAM,YES,NO,YES,YES,NO,YES,KPLC FDB,24393.041305198334,10050039.376143174,2014-11-06 14:29:54,False,MUSAGA,0.0,MUSAGA,132.0,3,14,100.0,Highly complete
30,31,LANET,NAKURU,NAIVASHA,OLKARIA I ( 33 / 132 KV),25/03/2014 13:39:03,KENGEN,MOI SOUTH LAKE,TARMAC,YES,YES,YES,YES,YES,NO,KPLC FDB,200291.13202751894,9901098.929601662,2014-03-25 13:39:03,False,OLKARIA I,0.0,OLKARIA I,132.0,2,14,100.0,Highly complete
31,32,LESSOS-NORTH RIFT,UASIN GISHU,ELDORET TOWN,ELDORET 132/33KV ( 132 / 33 KV),16/11/2013 17:07:41,KPLC,,TARMAC,YES,,YES,YES,,YES,KPLC FDB,83894.43492384069,10055495.715071343,2013-11-16 17:07:41,False,ELDORET 132,21.428571428571427,ELDORET 132/33KV,132.0,2,11,78.57142857142857,Moderately complete
32,33,LANET,NAKURU,NAIVASHA,OLKARIA II ( 132 / 220 KV),25/03/2014 13:37:51,KPLC,MOI SOUTH LAKE,TARMAC,YES,YES,YES,YES,YES,NO,KPLC FDB,199290.62297164276,9904197.637339717,2014-03-25 13:37:51,False,OLKARIA II,0.0,OLKARIA II,220.0,2,14,100.0,Highly complete
33,34,KIGANJO NORTH EASTERN,KIAMBU,KIKUYU,NAIROBI NORTH ( 220 / 66 KV),11/12/2015 08:47:08,KPLC,NDENDERU - OFF LIMURU ROAD,MURRAM,YES,YES,YES,YES,YES,NO,KPLC FDB,245939.85269764718,9869208.264849596,2015-12-11 08:47:08,False,NAIROBI NORTH,0.0,NAIROBI NORTH,220.0,2,14,100.0,Highly complete
34,35,LESSOS-NORTH RIFT,WEST POKOT,KAPENGURIA,TURKWELL ( 11 / 220 KV),02/01/2015 09:56:08,KPLC,TURKWELL,TARMAC,NO,,YES,YES,YES,NO,KPLC FDB,94587.35973527562,10211757.48874592,2015-01-02 09:56:08,False,TURKWELL,7.142857142857142,TURKWELL,220.0,2,13,92.85714285714286,Highly complete
35,36,KIGANJO MT KENYA,EMBU,KAMBURU,"KAMBURU 220 KV SUBSTATION ( 132,220 / 220 KV)",10/11/2014 11:37:11,KPLC,KANGONDE - EMBU ROAD,TARMAC,NO,NO,YES,YES,YES,NO,KPLC FDB,353961.81799281575,9910829.942661686,2014-11-10 11:37:11,False,KAMBURU,0.0,KAMBURU 220 KV SUBSTATION,220.0,3,14,100.0,Highly complete
36,37,LESSOS-NORTH RIFT,NANDI,KAPSABET,LESSOS 220KV ( 220 / 132 KV),13/06/2014 10:57:28,KPLC,LESSOS,TARMAC,YES,,YES,YES,NO,NO,KPLC FDB,87464.52761604171,10024316.26743896,2014-06-13 10:57:28,False,LESSOS,7.142857142857142,LESSOS 220KV,220.0,2,13,92.85714285714286,Highly complete
37,38,KIGANJO MT KENYA,EMBU,KAMBURU,"TORORO  ( 11 / 11,33,132, KV)",02/01/2015 09:55:34,PRIVATE,TORORO,TARMAC,YES,,YES,YES,YES,YES,KPLC FDB,-43819.108149226755,10070703.923714625,2015-01-02 09:55:34,False,TORORO,7.142857142857142,TORORO,132.0,4,13,92.85714285714286,Highly complete
38,39,RABAI,TAITA TAVETA,VOI,"VOI 132/33/11KV TRANSMISSION STN ( 132 / 11,33 KV)",19/05/2014 15:01:39,KPLC,VOI TOWN ROAD,MURRAM,NO,NO,YES,NO,NO,NO,KPLC FDB,452384.5942985378,9625214.149599867,2014-05-19 15:01:39,False,VOI 132 33,0.0,VOI 132/33/11KV TRANSMISSION STN,132.0,3,14,100.0,Highly complete
39,40,LESSOS-WEST KENYA,KISUMU,KISUMU ENVIRONS,SONDU MIRIU 132 ( 132 / 132 KV),18/09/2013 15:59:19,KPLC,KENDU BAY,TARMAC,YES,,YES,YES,NO,NO,KPLC FDB,38041.70674546249,9962030.94304631,2013-09-18 15:59:19,False,SONDU MIRIU 132,7.142857142857142,SONDU MIRIU 132,132.0,2,13,92.85714285714286,Highly complete
40,41,LESSOS-SOUTH NYANZA,KISII,KISII,KEGATI,01/01/2000 00:00:00,KPLC,KISII-KEROKA ROAD,,YES,YES,YES,,,,KPLC FDB,35530.689246649854,9921018.411378339,,True,KEGATI,28.57142857142857,KEGATI,,0,10,71.42857142857143,Moderately complete
41,42,RABAI,KWALE,UKUNDA,GALU 132/33KV TRANSMISSION S/STN ( 132 / 33 KV),19/03/2014 12:47:14,KPLC,MOMBASA,MURRAM,YES,,YES,YES,NO,NO,KPLC FDB,560425.2372270301,9522406.161231019,2014-03-19 12:47:14,False,GALU 132,7.142857142857142,GALU 132/33KV TRANSMISSION S/STN,132.0,2,13,92.85714285714286,Highly complete
42,43,KIGANJO MT KENYA,MERU,MERU,MERU 132 SUBSTATION ( 132 / 33 KV),01/01/2000 00:00:00,KPLC,MERU,,YES,,YES,YES,,,KPLC FDB,353730.57575170137,10011550.903519155,,True,MERU 132,28.57142857142857,MERU 132 SUBSTATION,132.0,2,10,71.42857142857143,Moderately complete
43,44,LESSOS-WEST KENYA,KAKAMEGA,KAKAMEGA,MUMIAS 132KV SUBSTATION ( 11 / 132 KV),01/01/2000 00:00:00,PRIVATE,OFF MUMIAS-BUNGOMA RD,TARMAC,YES,,YES,,,,KPLC FDB,-899.9315466098487,10040095.821532039,,True,MUMIAS,28.57142857142857,MUMIAS 132KV SUBSTATION,132.0,2,10,71.42857142857143,Moderately complete
44,45,LESSOS-WEST KENYA,SIAYA,SIAYA,RANGALA 132/33KV ( 132 / 33 KV),26/02/2016 09:39:47,KPLC,OFF KISUMU -  BUSIA ROAD,TARMAC,YES,YES,YES,YES,,YES,KPLC FDB,-20114.142375199124,10017218.060143447,2016-02-26 09:39:47,False,RANGALA 132,7.142857142857142,RANGALA 132/33KV,132.0,2,13,92.85714285714286,Highly complete
45,46,LANET,NAKURU,MOLO,MAKUTANO 132/33 SUB STATION ( 132 / 33 KV),01/01/2000 00:00:00,KPLC,MAKUTANO RAVINE LONDIANI JNC,,NO,,YES,,,,KPLC FDB,126958.79436404537,9992956.361520918,,True,MAKUTANO 132 33,35.714285714285715,MAKUTANO 132/33 SUB STATION,132.0,2,9,64.28571428571429,Low completeness
46,47,LESSOS-WEST KENYA,KISUMU,KISUMU ENVIRONS,SANGORO 11/132KV ( 33 / 132 KV),19/09/2013 09:36:02,KPLC,SANGORO,TARMAC,YES,,YES,YES,NO,YES,KPLC FDB,33736.19378182944,9960844.055498276,2013-09-19 09:36:02,False,SANGORO 11,7.142857142857142,SANGORO 11/132KV,132.0,2,13,92.85714285714286,Highly complete
47,48,LANET,NAKURU,NAKURU ENVIRONS,NAKURU WEST (SOILO)  SUBSTATION ( 132 / 33 KV),01/01/2000 00:00:00,KPLC,NAKURU-ELDORET,MURRAM,YES,YES,YES,YES,YES,YES,KPLC FDB,170247.20596990362,9968836.071809102,,True,NAKURU WEST,0.0,NAKURU WEST,,0,14,100.0,Highly complete
48,49,RABAI,KILIFI,MALINDI,KAKUYUNI  200/33KV TRANS/STN ( 220 / 33 KV),25/02/2015 08:40:45,KPLC,MALINDI- KAKUYUNI RD,,YES,,YES,,,,KPLC FDB,608662.15566264,9645302.646043725,2015-02-25 08:40:45,False,KAKUYUNI 200,35.714285714285715,KAKUYUNI  200/33KV TRANS/STN,220.0,2,9,64.28571428571429,Low completeness
49,50,RABAI,LAMU,MPEKETONI,LAMU 220/33KV TRANSMISSSION S/STN ( 220 / 33 KV),22/12/2014 13:27:04,KPLC,MPEKETONI-MKOWE RD,,YES,,YES,,,,KPLC FDB,698229.5208790451,9756591.32273452,2014-12-22 13:27:04,False,LAMU 220 TRANSMISSSION,35.714285714285715,LAMU 220/33KV TRANSMISSSION S/STN,220.0,2,9,64.28571428571429,Low completeness
50,51,RABAI,TANA RIVER,HOLA,GARSEN TRANSMISSION S/STN ( 220 / 220 KV),28/10/2014 08:25:44,KPLC,GARSEN-HOLA RD,,YES,,YES,,,,KPLC FDB,623059.3632223541,9743029.712346178,2014-10-28 08:25:44,False,GARSEN,35.714285714285715,GARSEN TRANSMISSION S/STN,220.0,2,9,64.28571428571429,Low completeness
51,52,KIGANJO MT KENYA,MURANG'A,MURANG'A,TANA 33/11 SUBSTATION ( 33 / 11 KV),31/03/2014 09:19:05,KPLC,TANA,,NO,,YES,,,,KPLC FDB,306960.770092465,9913312.739983039,2014-03-31 09:19:05,False,TANA 33 11,35.714285714285715,TANA 33/11 SUBSTATION,33.0,2,9,64.28571428571429,Low completeness
52,53,KIGANJO MT KENYA,MURANG'A,MURANG'A,GITHAMBO 132/33KV SSTN ( 132 / 33 KV),21/07/2014 11:25:44,KPLC,GITHAMBO,,YES,,YES,,,,KPLC FDB,263633.19500847906,9921378.731550852,2014-07-21 11:25:44,False,GITHAMBO 132 SSTN,35.714285714285715,GITHAMBO 132/33KV SSTN,132.0,2,9,64.28571428571429,Low completeness
53,54,KIGANJO NORTH EASTERN,KIAMBU,THIKA,MANGU  ( 132 / 66 KV),17/05/2016 16:40:27,KPLC,THIKA ROAD,,YES,,YES,,,,KPLC FDB,283131.35672245454,9882544.93883838,2016-05-17 16:40:27,False,MANGU,35.714285714285715,MANGU,132.0,2,9,64.28571428571429,Low completeness
54,55,KIGANJO NORTH EASTERN,KIAMBU,GATUNDU,"GATUNDU 132/33/11 ( 132 / 11,33 KV)",19/06/2015 08:50:14,KPLC,KIGANJO,,NO,,YES,,,,KPLC FDB,260305.67384511232,9890211.221653998,2015-06-19 08:50:14,False,GATUNDU 132 33 11,35.714285714285715,GATUNDU 132/33/11,132.0,3,9,64.28571428571429,Low completeness
55,56,JUJA-NAIROBI WEST,KAJIADO,KISERIAN,SUSWA 220KV STABILIZING STN ( 220 / 220 KV),19/11/2015 10:21:49,UNKNOWN,NEAR SUSWA TOWN,,YES,,YES,,,,KPLC FDB,205746.18217246514,9882166.439397117,2015-11-19 10:21:49,False,SUSWA STABILIZING,35.714285714285715,SUSWA 220KV STABILIZING STN,220.0,2,9,64.28571428571429,Low completeness
56,57,,,,,,,,,,,,,,,KETRACO,337250.8530250946,10028076.362119032,,False,,100.0,,,0,0,0.0,Low completeness
57,58,,,,,,,,,,,,,,,KETRACO,380534.50476820674,10026821.775800293,,False,,100.0,,,0,0,0.0,Low completeness
58,59,,,,,,,,,,,,,,,KETRACO,225164.24611102045,10027870.850815076,,False,,100.0,,,0,0,0.0,Low completeness
59,60,,,,,,,,,,,,,,,KETRACO,140232.82624818198,10051524.648122674,,False,,100.0,,,0,0,0.0,Low completeness
60,61,,,,,,,,,,,,,,,KETRACO,61603.79399011191,10112696.437132923,,False,,100.0,,,0,0,0.0,Low completeness
61,62,,,,,,,,,,,,,,,KETRACO,93618.44135274086,10157278.817964349,,False,,100.0,,,0,0,0.0,Low completeness
62,63,,,,,,,,,,,,,,,KETRACO,255525.24433301948,10275415.953544185,,False,,100.0,,,0,0,0.0,Low completeness
63,64,,,,,,,,,,,,,,,KETRACO,616105.4238267215,10189200.860975081,,False,,100.0,,,0,0,0.0,Low completeness
64,65,,,,,,,,,,,,,,,KETRACO,556984.1597508583,10113253.386163468,,False,,100.0,,,0,0,0.0,Low completeness
65,66,,,,,,,,,,,,,,,KETRACO,570014.9591279831,9956430.581147902,,False,,100.0,,,0,0,0.0,Low completeness
66,67,,,,,,,,,,,,,,,KETRACO,392901.16720154043,9894587.949282572,,False,,100.0,,,0,0,0.0,Low completeness
67,68,,,,,,,,,,,,,,,KETRACO,382162.4233639352,9849731.959585471,,False,,100.0,,,0,0,0.0,Low completeness
68,69,,,,,,,,,,,,,,,KETRACO,344915.0982526606,9803867.310367383,,False,,100.0,,,0,0,0.0,Low completeness
69,70,,,,,,,,,,,,,,,KETRACO,304031.40384534,9833074.95080664,,False,,100.0,,,0,0,0.0,Low completeness
70,71,,,,,,,,,,,,,,,KETRACO,293024.71516529657,9807886.567096537,,False,,100.0,,,0,0,0.0,Low completeness
71,72,,,,,,,,,,,,,,,KETRACO,254025.05383264087,9792011.535346478,,False,,100.0,,,0,0,0.0,Low completeness
72,73,,,,,,,,,,,,,,,KETRACO,259105.06399266236,9803600.308524022,,False,,100.0,,,0,0,0.0,Low completeness
73,74,,,,,,,,,,,,,,,KETRACO,166908.17126553692,9878804.302681984,,False,,100.0,,,0,0,0.0,Low completeness
74,75,,,,,,,,,,,,,,,KETRACO,355490.3192631621,9624750.877908465,,False,,100.0,,,0,0,0.0,Low completeness
75,76,,,,,,,,,,,,,,,KETRACO,258946.3136751596,9716922.635168673,,False,,100.0,,,0,0,0.0,Low completeness
76,77,,,,,,,,,,,,,,,KETRACO,88988.22375897225,9912803.329013368,,False,,100.0,,,0,0,0.0,Low completeness
77,78,,,,,,,,,,,,,,,KETRACO,63400.38997058757,9922887.491734048,,False,,100.0,,,0,0,0.0,Low completeness
78,79,,,,,,,,,,,,,,,KETRACO,1543.257202371955,9900897.055200819,,False,,100.0,,,0,0,0.0,Low completeness
79,80,,,,,,,,,,,,,,,KETRACO,-2293.2088038921356,9863326.146725671,,False,,100.0,,,0,0,0.0,Low completeness
80,81,,,,,,,,,,,,,,,KETRACO,-970.2894913889468,9942172.137750985,,False,,100.0,,,0,0,0.0,Low completeness
81,82,,,,,,,,,,,,,,,KETRACO,345344.8510555662,9952606.002368743,,False,,100.0,,,0,0,0.0,Low completeness
82,83,,,,,,,,,,,,,,,KETRACO,610935.0268803788,9832238.76208419,,False,,100.0,,,0,0,0.0,Low completeness
