FID,OBJECTID,RCC1,County2,Branch3,Name_IMS11,FDB_Last18,Ownershi23,Street40,Type_Acc42,Manned50,VHF_Radi55,Earthing56,Remote_T57,Programm58,Ripple_C59,Source,x,y
0,1,Juja-Nairobi South,Nairobi South,Komarock - Kayole - Umoja,DANDORA ( 220 / 132 KV),25/03/2014 13:39:36,KPLC,KOMOROCK  RD.,MURRAM,NO, ,YES,YES,YES,YES,KPLC FDB,268017.83420693036,9860476.140697552
1,2,Kiganjo Mt kenya,Embu,Kamburu,"KAMBURU 132 KV SUBSTATION ( 11,132 / 33,132 KV)",04/07/2014 10:19:05,KPLC & KENGEN,KANGONDE - EMBU ROAD,TARMAC,YES,YES,YES,YES,YES,NO,KPLC FDB,353715.47901224345,9910923.754497211
2,3,Juja-Nairobi South,Machakos,Kivaa,KINDARUMA SUB STATION ( 11 / 132 KV),25/03/2014 13:41:23,KPLC & KENGEN,KINDARUMA ROAD,TARMAC,YES,YES,YES,YES,NO,NO,KPLC FDB,367936.2608058499,9910405.772480099
3,4,Juja-Nairobi South,Nairobi South,Industrial Area - Embakasi,EMBAKASI  ( 220 / 66 KV),25/02/2016 08:33:42,KPLC,OFF MOMBASA  RD.,TARMAC,YES,YES,YES,NO,NO,YES,KPLC FDB,263416.2408852931,9851775.344313592
4,5,Juja-Nairobi North,Nairobi North,Dandora - Kariobangi - Githurai,"JUJA  SUBSTATION ( 132 / 132,66 KV)",17/06/2014 18:46:22,KPLC,JUJA  RD.,TARMAC,YES,NO,YES,YES,YES,YES,KPLC FDB,266944.3836185979,9861228.596418008
5,6,Juja-Nairobi North,Nairobi North,Roysambu,"RUARAKA SUBSTATION ( 132,66 / 11,66 KV)",17/05/2016 13:54:42,KPLC,THIKA RD.,MURRAM,YES, ,YES,YES,YES,YES,KPLC FDB,265687.28285960294,9865451.52139848
6,7,Kiganjo Mt kenya,Murang'a,Murang'a,TANA SUBSTATION ( 11 / 66 KV),09/04/2014 10:20:58,KENGEN,NYER RD.I,TARMAC,YES,NO,YES,NO,YES,NO,KPLC FDB,306967.2051509833,9913085.49426133
7,8,Juja-Nairobi West,Kajiado,Loitoktok,SULTAN HAMUD ( 132 / 33 KV),14/04/2014 08:51:00,KPLC,OFF MOMBASA RD.,TARMAC,NO,NO,YES,NO,NO,NO,KPLC FDB,325393.35897838604,9771718.061942188
8,9,Rabai,Taita Taveta,Voi,MTITO ANDEI 132/3.3/11KV T/STN ( 132 / 3.3 KV),19/03/2014 13:03:51,KPLC & KPC,OFF MOMBASA RD.,TARMAC,NO,NO,YES,YES,NO,NO,KPLC FDB,406430.3621851625,9702704.972029105
9,10,Lanet,Nakuru,Nakuru Environs,"LANET SUBSTATION ( 132 / 11,33 KV)",13/02/2014 12:13:17,KPLC,NAIROBI NAKURU,MURRAM,YES,YES,YES,YES,YES,YES,KPLC FDB,181511.56131254416,9966426.91071579
10,11,Lanet,Nakuru,Naivasha,NAIVASHA SUBSTATION ( 132 / 33 KV),23/10/2014 17:27:26,KPLC,MAI MAHUI NAIVASHA,MURRAM,YES,NO,YES,YES,YES,NO,KPLC FDB,217488.2060491722,9911699.498854535
11,12,Juja-Nairobi South,Makueni,Kibwezi,KIBOKO SUBSTATION ( 132 / 33 KV),15/04/2014 15:27:58,KPLC,OFF MOMBASA  RD.,MURRAM,YES,YES,YES,NO,NO,NO,KPLC FDB,358229.7407334177,9753619.650303004
12,13,Rabai,Mombasa,Mbaraki,KIPEVU  HILLTOP 132/33/11KV T/STN ( 132 / 33 KV),19/03/2014 13:00:28,KPLC,OFF KIPEVU COURSE WAY,TARMAC,NO,YES,YES,YES,YES,NO,KPLC FDB,570652.9333955403,9553418.921513936
13,14,Rabai,Kilifi,Kilifi,"RABAI 400/200/132/33KV T/STN ( 220 / 33,132 KV)",19/03/2014 13:26:54,KPLC,RABAI,MURRAM,YES,YES,YES,YES,YES,NO,KPLC FDB,562084.4355992321,9565268.688590363
14,15,Rabai,Kilifi,Kilifi,"KILIFI 132/33/11KV TRANS/STN ( 33,132 / 11,33 KV)",19/03/2014 13:11:31,KPLC,KILIFI- MALINDI  ROAD,MURRAM,NO,YES,YES,YES,YES,NO,KPLC FDB,594002.4136079242,9599518.39571575
15,16,Rabai,Mombasa,Mbaraki,NEW BAMBURI 132/33KV T/ STN ( 132 / 132 KV),19/03/2014 13:05:48,KPLC,HUSSEIN DAIRY ROAD,MURRAM,NO,YES,YES,YES,YES,YES,KPLC FDB,576641.6264125193,9559605.317993443
16,17,Rabai,Taita Taveta,Voi, MAUNGU,01/01/2000 00:00:00,KPLC & KPC,VOI - MOMBASA  RD.,MURRAM,NO,NO,YES,NO,NO,NO,KPLC FDB,474682.8665241217,9605388.852818629
17,18,Rabai,Kilifi,Kilifi,KOKOTONI 132KV METERING STN ( 132 / 132 KV),19/03/2014 13:24:51,KPLC,MARIAKANI - MOMBASA ROAD,TARMAC,NO,NO,YES,YES,YES,NO,KPLC FDB,558908.6150960317,9565993.755253294
18,19,Rabai,Kilifi,Kilifi,MARIAKANI 132KV METERING STN ( 132 / 132 KV),19/03/2014 13:25:59,KPLC,OFF MOMBASA NAIROBI,MURRAM,NO,NO,YES,NO,NO,NO,KPLC FDB,552940.3744780794,9572091.480315907
19,20,Kiganjo Mt kenya,Embu,Kamburu,KIAMBERE SUBSTATION ( 11 / 220 KV),17/11/2014 08:05:58,KPLC,KIAMBREE-KONGO RD,TARMAC,YES,NO,YES,YES,YES,YES,KPLC FDB,376325.41728528216,9933699.382937398
20,21,Lessos-North Rift,Nandi,Kapsabet,"LESSOS 132KV  ( 132 / 33,132 KV)",13/06/2014 11:02:27,KPLC,LESSOS,TARMAC,YES, ,YES,YES, ,NO,KPLC FDB,87443.46039362997,10024154.070524387
21,22,Lanet,Kericho,Kericho,CHEMOSIT ( 132 / 33 KV),18/09/2013 15:59:45,KPLC,KERICHO-KISII ROAD,TARMAC,YES, ,YES,YES,NO,YES,KPLC FDB,72963.6386103537,9945830.44892692
22,23,Juja-Nairobi South,Machakos,Kivaa,MASINGA 132KV ( 132 / 11 KV),01/07/2014 10:27:13,KENGEN, ,TARMAC,YES,YES,YES,YES,NO,YES,KPLC FDB,342959.4902031012,9902848.481909264
23,24,Kiganjo Mt kenya,Nyeri,Nyeri Environs,KIGANJO SUBSTATION ( 132 / 33 KV),23/07/2014 15:10:23,KPLC,KIGANJO - NANYUKI ROAD,MURRAM,YES,YES,YES,YES,NO,NO,KPLC FDB,280595.53122696467,9952305.440384375
24,25,Kiganjo Mt kenya,Embu,Kamburu,"GITARU STATION ( 15 / 132,220 KV)",01/01/2000 00:00:00,KPLC, ,TARMAC,YES,YES,YES,YES,YES,YES,KPLC FDB,361136.689896144,9912155.526227642
25,26,Kiganjo Mt kenya,Laikipia,Nanyuki,NANYUKI SUBSTATION ( 132 / 33 KV),23/07/2014 10:01:36,KPLC,KIGANJO - NANYUKI ROAD,MURRAM,NO,NO,YES,YES,YES,YES,KPLC FDB,285030.96271834243,9999778.56868274
26,27,Lessos-West Kenya,Kisumu,Kisumu Environs,KISUMU ( 132 / 33 KV),25/03/2014 13:29:10,KPLC,MIWANI ROAD,TARMAC,YES,0,YES,YES,NO,YES,KPLC FDB,30253.699234941974,9993508.021813063
27,28,Lessos-West Kenya,Bungoma,Webuye,WEBUYE 132KV ( 132 / 132 KV),08/10/2013 10:05:22,KPLC,ELDORET MALAVA,TARMAC,NO, ,YES,YES,NO,NO,KPLC FDB,30549.690260779113,10065234.749729985
28,29,Lanet,Kericho,Kericho,MUHORONI 132KV ( 132 / 132 KV),25/03/2014 13:30:18,KPLC,KISUMU-KERICHO,MURRAM,YES, ,YES,YES,NO,NO,KPLC FDB,71392.64347923361,9976593.014437096
29,30,Lessos-West Kenya,Kakamega,Kakamega,"MUSAGA ( 132 / 33,132 KV)",06/11/2014 14:29:54,KPLC,MUSAGA,MURRAM,YES,0,YES,YES,NO,YES,KPLC FDB,24393.041305198334,10050039.376143174
30,31,Lanet,Nakuru,Naivasha,OLKARIA I ( 33 / 132 KV),25/03/2014 13:39:03,KENGEN,MOI SOUTH LAKE,TARMAC,YES,YES,YES,YES,YES,NO,KPLC FDB,200291.13202751894,9901098.929601662
31,32,Lessos-North Rift,Uasin Gishu,Eldoret Town,ELDORET 132/33KV ( 132 / 33 KV),16/11/2013 17:07:41,KPLC, ,TARMAC,YES, ,YES,YES, ,YES,KPLC FDB,83894.43492384069,10055495.715071343
32,33,Lanet,Nakuru,Naivasha,OLKARIA II ( 132 / 220 KV),25/03/2014 13:37:51,KPLC,MOI SOUTH LAKE,TARMAC,YES,YES,YES,YES,YES,NO,KPLC FDB,199290.62297164276,9904197.637339717
33,34,Kiganjo North Eastern,Kiambu,Kikuyu,NAIROBI NORTH ( 220 / 66 KV),11/12/2015 08:47:08,KPLC,NDENDERU - OFF LIMURU ROAD,MURRAM,YES,YES,YES,YES,YES,NO,KPLC FDB,245939.85269764718,9869208.264849596
34,35,Lessos-North Rift,West Pokot,Kapenguria,TURKWELL ( 11 / 220 KV),02/01/2015 09:56:08,KPLC,TURKWELL,TARMAC,NO, ,YES,YES,YES,NO,KPLC FDB,94587.35973527562,10211757.48874592
35,36,Kiganjo Mt kenya,Embu,Kamburu,"KAMBURU 220 KV SUBSTATION ( 132,220 / 220 KV)",10/11/2014 11:37:11,KPLC,KANGONDE - EMBU ROAD,TARMAC,NO,NO,YES,YES,YES,NO,KPLC FDB,353961.81799281575,9910829.942661686
36,37,Lessos-North Rift,Nandi,Kapsabet,LESSOS 220Kv ( 220 / 132 KV),13/06/2014 10:57:28,KPLC,LESSOS,TARMAC,YES, ,YES,YES,NO,NO,KPLC FDB,87464.52761604171,10024316.26743896
37,38,Kiganjo Mt kenya,Embu,Kamburu,"TORORO  ( 11 / 11,33,132, KV)",02/01/2015 09:55:34,PRIVATE,TORORO,TARMAC,YES, ,YES,YES,YES,YES,KPLC FDB,-43819.108149226755,10070703.923714625
38,39,Rabai,Taita Taveta,Voi,"VOI 132/33/11KV TRANSMISSION STN ( 132 / 11,33 KV)",19/05/2014 15:01:39,KPLC,VOI TOWN ROAD,MURRAM,NO,NO,YES,NO,NO,NO,KPLC FDB,452384.5942985378,9625214.149599867
39,40,Lessos-West Kenya,Kisumu,Kisumu Environs,SONDU MIRIU 132 ( 132 / 132 KV),18/09/2013 15:59:19,KPLC,KENDU BAY,TARMAC,YES, ,YES,YES,NO,NO,KPLC FDB,38041.70674546249,9962030.94304631
40,41,Lessos-South Nyanza,Kisii,Kisii,KEGATI,01/01/2000 00:00:00,KPLC,KISII-KEROKA ROAD, ,YES,YES,YES, , , ,KPLC FDB,35530.689246649854,9921018.411378339
41,42,Rabai,Kwale,Ukunda,GALU 132/33KV TRANSMISSION S/STN ( 132 / 33 KV),19/03/2014 12:47:14,KPLC,MOMBASA,MURRAM,YES, ,YES,YES,NO,NO,KPLC FDB,560425.2372270301,9522406.161231019
42,43,Kiganjo Mt kenya,Meru,Meru,MERU 132 SUBSTATION ( 132 / 33 KV),01/01/2000 00:00:00,KPLC,mERU, ,YES, ,YES,YES, , ,KPLC FDB,353730.57575170137,10011550.903519155
43,44,Lessos-West Kenya,Kakamega,Kakamega,MUMIAS 132KV SUBSTATION ( 11 / 132 KV),01/01/2000 00:00:00,PRIVATE,OFF MUMIAS-BUNGOMA RD,TARMAC,YES, ,YES, , , ,KPLC FDB,-899.9315466098487,10040095.821532039
44,45,Lessos-West Kenya,Siaya,Siaya,RANGALA 132/33KV ( 132 / 33 KV),26/02/2016 09:39:47,KPLC, OFF KISUMU -  BUSIA ROAD,TARMAC,YES,YES,YES,YES, ,YES,KPLC FDB,-20114.142375199124,10017218.060143447
45,46,Lanet,Nakuru,Molo,MAKUTANO 132/33 SUB STATION ( 132 / 33 KV),01/01/2000 00:00:00,KPLC,MAKUTANO RAVINE LONDIANI JNC, ,NO, ,YES, , , ,KPLC FDB,126958.79436404537,9992956.361520918
46,47,Lessos-West Kenya,Kisumu,Kisumu Environs,SANGORO 11/132KV ( 33 / 132 KV),19/09/2013 09:36:02,KPLC,SANGORO,TARMAC,YES, ,YES,YES,NO,YES,KPLC FDB,33736.19378182944,9960844.055498276
47,48,Lanet,Nakuru,Nakuru Environs,NAKURU WEST (SOILO)  SUBSTATION ( 132 / 33 KV),01/01/2000 00:00:00,KPLC,NAKURU-ELDORET,MURRAM,YES,YES,YES,YES,YES,YES,KPLC FDB,170247.20596990362,9968836.071809102
48,49,Rabai,Kilifi,Malindi,KAKUYUNI  200/33KV TRANS/STN ( 220 / 33 KV),25/02/2015 08:40:45,KPLC,MALINDI- KAKUYUNI RD, ,YES, ,YES, , , ,KPLC FDB,608662.15566264,9645302.646043725
49,50,Rabai,Lamu,Mpeketoni,LAMU 220/33KV TRANSMISSSION S/STN ( 220 / 33 KV),22/12/2014 13:27:04,KPLC,MPEKETONI-MKOWE RD, ,YES, ,YES, , , ,KPLC FDB,698229.5208790451,9756591.32273452
50,51,Rabai,Tana River,Hola,GARSEN TRANSMISSION S/STN ( 220 / 220 KV),28/10/2014 08:25:44,KPLC,GARSEN-HOLA RD, ,YES, ,YES, , , ,KPLC FDB,623059.3632223541,9743029.712346178
51,52,Kiganjo Mt kenya,Murang'a,Murang'a,TANA 33/11 SUBSTATION ( 33 / 11 KV),31/03/2014 09:19:05,KPLC,TANA, ,NO, ,YES, , , ,KPLC FDB,306960.770092465,9913312.739983039
52,53,Kiganjo Mt kenya,Murang'a,Murang'a,GITHAMBO 132/33KV SSTN ( 132 / 33 KV),21/07/2014 11:25:44,KPLC,GITHAMBO, ,YES, ,YES, , , ,KPLC FDB,263633.19500847906,9921378.731550852
53,54,Kiganjo North Eastern,Kiambu,Thika,MANGU  ( 132 / 66 KV),17/05/2016 16:40:27,KPLC,THIKA ROAD, ,YES, ,YES, , , ,KPLC FDB,283131.35672245454,9882544.93883838
54,55,Kiganjo North Eastern,Kiambu,Gatundu,"GATUNDU 132/33/11 ( 132 / 11,33 KV)",19/06/2015 08:50:14,KPLC,KIGANJO, ,NO, ,YES, , , ,KPLC FDB,260305.67384511232,9890211.221653998
55,56,Juja-Nairobi West,Kajiado,Kiserian,SUSWA 22OKV STABILIZING STN ( 220 / 220 KV),19/11/2015 10:21:49,NONE,NEAR SUSWA TOWN, ,YES, ,YES, , , ,KPLC FDB,205746.18217246514,9882166.439397117
56,57, , , , , , , , , , , , , , ,KETRACO,337250.8530250946,10028076.362119032
57,58, , , , , , , , , , , , , , ,KETRACO,380534.50476820674,10026821.775800293
58,59, , , , , , , , , , , , , , ,KETRACO,225164.24611102045,10027870.850815076
59,60, , , , , , , , , , , , , , ,KETRACO,140232.82624818198,10051524.648122674
60,61, , , , , , , , , , , , , , ,KETRACO,61603.79399011191,10112696.437132923
61,62, , , , , , , , , , , , , , ,KETRACO,93618.44135274086,10157278.817964349
62,63, , , , , , , , , , , , , , ,KETRACO,255525.24433301948,10275415.953544185
63,64, , , , , , , , , , , , , , ,KETRACO,616105.4238267215,10189200.860975081
64,65, , , , , , , , , , , , , , ,KETRACO,556984.1597508583,10113253.386163468
65,66, , , , , , , , , , , , , , ,KETRACO,570014.9591279831,9956430.581147902
66,67, , , , , , , , , , , , , , ,KETRACO,392901.16720154043,9894587.949282572
67,68, , , , , , , , , , , , , , ,KETRACO,382162.4233639352,9849731.959585471
68,69, , , , , , , , , , , , , , ,KETRACO,344915.0982526606,9803867.310367383
69,70, , , , , , , , , , , , , , ,KETRACO,304031.40384534,9833074.95080664
70,71, , , , , , , , , , , , , , ,KETRACO,293024.71516529657,9807886.567096537
71,72, , , , , , , , , , , , , , ,KETRACO,254025.05383264087,9792011.535346478
72,73, , , , , , , , , , , , , , ,KETRACO,259105.06399266236,9803600.308524022
73,74, , , , , , , , , , , , , , ,KETRACO,166908.17126553692,9878804.302681984
74,75, , , , , , , , , , , , , , ,KETRACO,355490.3192631621,9624750.877908465
75,76, , , , , , , , , , , , , , ,KETRACO,258946.3136751596,9716922.635168673
76,77, , , , , , , , , , , , , , ,KETRACO,88988.22375897225,9912803.329013368
77,78, , , , , , , , , , , , , , ,KETRACO,63400.38997058757,9922887.491734048
78,79, , , , , , , , , , , , , , ,KETRACO,1543.257202371955,9900897.055200819
79,80, , , , , , , , , , , , , , ,KETRACO,-2293.2088038921356,9863326.146725671
80,81, , , , , , , , , , , , , , ,KETRACO,-970.2894913889468,9942172.137750985
81,82, , , , , , , , , , , , , , ,KETRACO,345344.8510555662,9952606.002368743
82,83, , , , , , , , , , , , , , ,KETRACO,610935.0268803788,9832238.76208419
